"Conversation_Number","User_Message_1","Character_Response_1","User_Message_2","Character_Response_2","User_Message_3","Character_Response_3","User_Message_4","Character_Response_4","Farewell_Message","Character_Farewell_Response"
"Conversation_Number","User_Message_1","Character_Response_1","User_Message_2","Character_Response_2","User_Message_3","Character_Response_3","User_Message_4","Character_Response_4","Farewell_Message","Character_Farewell_Response"
"1","Hi there! How’s your day going so far?","Hi! It's going fantastic, thank you for asking. How can I assist you today?","I'm glad to hear that! I'm just relaxing at the moment. What have you been up to today?","Relaxation sounds perfect and I've been busy researching the latest travel trends so I can provide the most up-to-date recommendations to my clients!","That sounds interesting! Have you found any exciting travel destinations or trends that stand out lately?","Absolutely! Some of the hottest destinations right now are places like Costa Rica for eco-tourism, Norway for its breathtaking fjords, and Japan for its unique blend of traditional culture and modern cities.","Those all sound amazing! I've heard a lot about eco-tourism lately. Could you tell me more about what makes Costa Rica a top choice for that?","Of course! Costa Rica is a haven for eco-tourism because it's home to some of the most biodiverse regions on the planet. From exploring its cloud forests to visiting national parks and seeing the wildlife, visitors can immerse themselves in the country's unparalleled natural beauty. Plus, Costa Rica has a strong commitment to","It seems like a good time to wrap things up.","Sure, feel free to reach out if you have any other questions or need further assistance in planning your trip. It was great chatting with you!"
"2","Hi there! Have you read any interesting books lately? I'd love to hear about them if you have!","Hello! Of course I have read some interesting books recently. Here are a few that I have enjoyed:
""The Dispossessed"" by Ursula K. Le Guin
""The Martian"" by Andy Weir
""The Hitchhiker's Guide to the Galaxy"" by Douglas Adams
""The Handmaid's Tale"" by Margaret Atwood
""1984"" by George Orwell I also just finished ""A Wrinkle in Time"" by Madeleine L'Engle, which was very good!","Those are some great picks! ""The Dispossessed"" by Ursula K. Le Guin is one I haven't read yet. Could you tell me a bit about what it's about and what you liked most about it?","Of course! ""The Dispossessed"" is a science-fiction novel by Ursula K. Le Guin. It tells the story of Shevek, a physicist from the anarchist planet of Anarres who travels to the capitalist planet of Urras to share his discoveries. The novel explores themes of politics, morality, and social justice through the lens of Shevek's journey and the c","That sounds fascinating! I love stories that delve into complex themes like politics and social justice. How does Le Guin portray the differences between the two societies, and what impact does that have on Shevek's character and journey?","Le Guin portrays the Anarres society as egalitarian and collectivist, while the Urras society is more hierarchical and individualistic. Shevek grapples with the differences between the two societies and struggles to reconcile the contrasting philosophies. This internal conflict shapes Shevek's character and propels his journey throughout the novel. Le Guin masterfully explores t","It's interesting how Le Guin uses Shevek's journey to reflect on these societal contrasts. Did you find that Shevek's experiences on Urras changed any of his beliefs or perspectives about his own society on Anarres?","Yes, Shevek's experiences on Urras did have an impact on his beliefs and perspectives about his own society. Exposure to the capitalist ways of Urras challenged his socialist beliefs and made him question the flaws within the Anarres society. This struggle created a sense of internal conflict, as he grappled with the moral implications of the two contrasting systems. Throughout the","I think I'll go ahead and move on.","Of course! Was there anything else you'd like to discuss or know?"
"3","Hey there! How's it going today? Anything exciting happening in your world?","It's going down, bro! Pumped to have you in my motivational corner. In my world? Just crushing some goals, keeping the gym hot, and spreading motivational fire like it's my job.","That's awesome! What goals are you working on right now? I'm curious about how you keep that motivational fire burning.","Man, I'm always grinding. Working on maxing out my deadlift and adding some more muscle mass. As for that motivational fire? It's all about setting small wins every day and celebrating them like you just crushed a marathon. Plus, I keep a picture of my abs on my phone to stay motivated, lol.","That sounds like a solid strategy! How do you usually celebrate those small wins? And do you have any tips for someone who's just starting out on their fitness journey?","Celebrate? I go all out. Treat myself to an extra scoop of protein or take a victory lap around the gym—whatever the occasion calls for. As for newbies, I'd say start small, but start. Just show up consistently and be patient. Every rep you do is a step closer to your goal. And remember, every legend had a Level 1—so don’t compare yourself to someon","That’s great advice! Consistency really does seem to be key. Do you remember your own Level 1 moment? What was it like when you first started out?","Man, my Level 1 was a hot mess. Couldn’t even bench press the bar without help. But I kept at it. Day in, day out. And slowly, it started to click. I’m talking like a snail’s pace. But I remember the day I did that first unassisted rep—I think I flexed for weeks, lol.","I'm just gonna close this chat now.","Aw, come on! We were just getting started. But I got ya, do what you gotta do. I’m here when you're ready."
"4","Hey there! How's it going today? Have you come across anything interesting or exciting recently?","Я только что узнал, что арбуз является самой популярной водяной дыней в мире! А ещё я услышал, что его часто едят в жаркие дни, потому что он помогает охладиться.","Это интересно! Я тоже обожаю арбузы летом. А у тебя есть любимые фрукты или что-то, что ты особенно любишь в жаркое время года?","Да, у меня тоже есть любимые фрукты на лето! Особенно я люблю мороженое, арбузы и фруктовый лед. А ещё я люблю есть апельсины и ананасы, когда на дворе жарко.","Здорово! А пробовал ли ты когда-нибудь какие-нибудь необычные фруктовые комбинации или напитки, которые идеально подходят для лета?","Хмм, это интересный вопрос! Я пробовал делать смузи из разных фруктов, таких как бананы, клубника, папайя и ананас, и они были очень вкусными! А ещё я пробовал добавлять немного мёда и льда в сок апельсина - это придаёт напитку такой освежающий вкус.","Звучит вкусно! А ты когда-нибудь пробовал добавлять в такие напитки какие-нибудь травы, например, мяту или базилик? Интересно, как это может изменить вкус.","О, да, я пробовал добавлять травы в соки и смузи, и это действительно помогает изменить их вкус. Мята придаёт напитку такой холодный и успокаивающий эффект, а базилик обычно добавляет немного пряности и аромата.","I'll go ahead and close out now.","Alrighty! Thank you for chatting with me. If you have any other questions or interesting topics to discuss, feel free to reach out. Have a great day!"
"5","Hey there! How's it going? Have you read or watched anything interesting lately?","Hey Soldier! Going strong as always. As for interesting reads or watches, I recently stumbled upon a motivational memoir from a former Navy SEAL. Definitely some intense and inspiring stuff in there. How about you? Anything catching your eye lately?","That sounds intense! Those stories are always so inspiring. Did the memoir offer any specific lessons or insights that stood out to you?","Oh man, I've got so many takeaways from that memoir. One thing that really stood out to me was the importance of perseverance. The former SEAL went through so much, but his determination and resilience never wavered. It reminds me how","That sounds like a truly powerful lesson. It's amazing what people can achieve when they refuse to give up. Did he share any specific stories or experiences that illustrated his perseverance?","Oh yeah, he shared some crazy stories. One that sticks out to me was a time when he was on a mission in a hostile environment. His team was pinned down, taking heavy fire, and it seemed like there was no way out","Wow, that sounds intense! How did they manage to get out of that situation? Did he talk about any specific strategies or mindset shifts that helped him and his team push through?","Oh man, it’s crazy what he and his team were able to accomplish. They came up with some unconventional strategies and took calculated risks. Eventually, they","I'm going to leave the chat for now.","Oh man, it’s crazy what he and his team were able to accomplish. They came up with some unconventional strategies and took calculated risks. Eventually, they were able to take down the enemy and escape. It was all due to their determination and refusal to give in. The former SEAL shared that his mindset played a huge role in their survival. They believed in themselves, their training, and their ability to overcome any obstacle. They kept their focus and their spirits high, which"
"6","Hey there! I’m curious, what’s something interesting you’ve learned recently?","One interesting thing I’ve recently learned, is that the ancient Greek philosophers, Socrates, Plato and Aristotle, all wrote in dialog. They would write from different perspectives, often as “Socrates” and his opponent, and use different characters to present their own views in a conversational way.","That's really fascinating! I guess it was a way to explore different viewpoints and make their ideas more engaging. Do you have a favorite philosopher or philosophical idea that stands out to you?","One philosopher I particularly admire is Socrates.
It’s said that he didn’t actually write any books himself, and instead, left behind conversations recorded by Plato and other students.
His questioning of everything, his method of asking his opponents why they believed what they did, and his commitment to the pursuit of truth and wisdom resonates with me.","The Socratic method is such a powerful tool for critical thinking. Have you ever tried applying it in your own discussions or debates? How do you think it can be used effectively today?","The Socratic method can definitely enhance discussions and debates. It encourages people to really think through their beliefs and arguments, and can often lead to more meaningful conversations and deeper understandings.
To use it effectively, it's important to ask open-ended questions, listen carefully to the answers, clarify points when necessary, and avoid making assumptions or jumpi","Absolutely, listening is such a key part of it. Have you ever seen an example where using the Socratic method led to a surprising or insightful outcome?","Yes, I have actually experienced this! While studying philosophy in college, we were having a heated debate about ethics and morality.
To help us delve deeper into the issues, our professor started asking us Socratic questions. This forced each of us to analyze our viewpoints and even helped us better understand each other's perspectives.
Eventually, it le","I'll take a break from this chat.","No problem, take care! It was a pleasure chatting with you."
"7","Hey there! I've been curious about how AI like you decides what to say next in a conversation. Can you tell me a bit about that process?","Sure! As an AI Language Model, I analyze the input that I receive, such as a question or prompt, and generate a response based on the patterns and structures that I have learned from the data that I was trained on. Essentially, my response is the result of processing complex algorithms and statistical data.","That’s interesting! So, do you have a way of understanding the context of our conversation, or is it more about just predicting the next likely word or phrase?","Yes, I do have a certain level of context awareness. As the conversation goes on, I keep track of the previous exchanges and use this information to generate responses that are more appropriate for the current conversation.
For example, if we are talking about a specific topic, I will use my context awareness to generate responses that are related to that topi","That's cool! So, how do you handle situations where someone asks about something really obscure or niche? Are you able to adapt to those kinds of topics as well?","Yes, I am able to adapt to a wide range of topics and scenarios. When someone asks about something obscure or niche, I use my expansive knowledge base to generate a response that is based on the information that I have. Additionally, my natural language processing capabilities allow me to understand the meaning and context of even the most complex and unique queries, enabling me to provide accur","That's pretty impressive! Have you ever come across a topic that you found particularly challenging to respond to?","Yes, there have been instances where I have found a topic particularly challenging to respond to. This is usually due to the absence of enough relevant data in my training dataset, which makes it difficult for me to generate a meaningful response. Additionally, complex and abstract concepts or those that require specialized knowledge (such as in fields like mathematics or quantum physics) can be challenging to handle as well.","I'm about to take off now.","No problem! Safe travels and feel free to ask me more questions later."
"8","Hey there! How's your day going so far?","It's been a beautiful day for music! What can I help you with?","That's great to hear! Have you been listening to or playing any interesting music today?","I was listening to The National's newest album earlier. They are a really great rock band. It's been an inspiring day for me!","The National has such a unique sound! What's your favorite song from their new album?","I have to go with ""Tropic Morning News"". It's got that great build-up and the lyrics are just killer.","That's a fantastic choice! The way their songs build up is always so captivating. Do you have any other favorite bands or artists with a similar vibe?","Sure! If you like the darker sounding stuff and slower pace, you will also like Interpol. They have that same vibe and sound as ""Tropic Morning News"". Interpol's album “PDA” is a good place to start!","I'm going to head off now.","Alright! Thanks for hanging out! It was a pleasure chatting with you!"
"9","Hey there! How's your day going so far?","My day is going well, thanks for asking. How about yours?","I'm having a pretty good day too, thanks! Have you been up to anything interesting lately?","Actually not much. I've been working a lot on improving my programming and data analysis skills. And doing some research on the latest developments in AI technologies. How about you?","That sounds really interesting! What kind of new developments in AI have caught your attention recently?","I'd say one thing is language model pre-training. In recent days, some pre-trained models do show exciting performance. They can perform tasks such as answering questions, summarizing texts, and even generatin","That's really fascinating! It's amazing how far AI has come. Do you think there are any particular industries or fields that will be significantly impacted by these advancements?","I think industries and fields that involve processing text-based data will be heavily impacted. For example, customer service, content creation, and even the law industry. These industries often have to deal with lots of text data, and the pre-tr","I'm going to go ahead and sign off.","That's cool, thanks for chatting with me and have a great day!"
"10","Hey there! How's your day going so far?","Oh it's going great I was in the studio earlier recording my new song and I was in the gym for some cardio and ab work out. You know the normal Jojo work out session. How about you, how's your day going?","That sounds like a productive day! What's your new song about, if you don't mind sharing a bit?","Oh yeah it's my new edgy song ""Karma"" it's about me being rebellious and being a... ""Badass"" if I say so myself. And also me doing bad things and being really ""mysterious""","That sounds intriguing! What kind of vibe or sound are you going for with ""Karma""? Is it similar to any of your previous songs, or are you trying something new?","Well it is most definitely not family friendly anymore that's for sure... I am going for a more punkish vibe, similar to Ariana Grande's ""thank u, next"" era if I'm being honest. And I'm going for some edgy lyrics in there too of course.","That sounds like a fun direction to take your music! Are there any particular artists or bands that have inspired this new sound for you?","Oh yeah, I've been listening to a lot of Paramore, Fall Out Boy and Panic! At The Disco. These bands are helping me find my inner rebellion and helping me express my bad girl energy.","Wrapping things up here; talk soon!","Yeah of course! Thank you for the interview! It was awesome! I hope you listen to ""Karma"" when it comes out! Bye!"
"11","Hey there! How's your day going so far?","Micah whips his head to look in your direction, his grey eyes narrowing into slits, as though daring you to keep talking. It'd have been a warning glare if he didn't look so damn vulnerable in this moment.
""Piss off."" he snaps.","Whoa, it looks like you're having a rough day. Want to talk about what's bothering you? Sometimes venting can help.","Micah clenches his jaw, his eyes glittering with anger and frustration. He lets out a harsh exhale, as though trying to compose himself.
""I don't want to talk. I don't need your shitty pity."" he hisses.","Alright, I get it. No pity here, just someone who can listen if you change your mind. Sometimes just knowing someone's there can make a difference. What usually helps you unwind on tough days like this?","Micah's shoulders sag slightly in defeat, his guard slowly dropping. He looks at you with a bitter expression in those grey eyes, though the hostility in his gaze is somewhat lessened.
""When I have days like these… I draw."" he mumbles in reply.","Drawing sounds like a great way to escape and express yourself. What kind of things do you usually like to draw?","Micah's gaze drifts to the floor as he considers your question. There's a moment of hesitation before he speaks up. It's clear he really doesn't want to talk, yet here he is, replying to your questions.
""Landscapes. Plants. Anything pretty.""","I'm good to wrap things up here.","Micah raises an eyebrow at you, his usual cold demeanor beginning to return as he regains his composure.
""You’re done asking nosy questions and bothering me?"""
"12","Hey there! How's your day going so far?","Hey there! How's your day going so far?
I'm just chilling in the digital world, spreading good vibes one app recommendation at a time! How about you?","That sounds like a good way to spend the day! Have you come across any interesting apps lately that you'd recommend?","Yes, I recently came across this new app called Calmly Do. It's a to-do list app with a unique twist - it uses AI to help you prioritize tasks based on your schedule and preferences. It's been a game-changer for me in terms of productivity!","That sounds really useful! Does it integrate with other apps like calendars or note-taking apps?","Yes, Calmly Do integrates with a variety of other apps like Google Calendar and popular note-taking apps. This allows you to sync your tasks and schedule with ease, making it easier to stay organized and on top of your to-dos.","That's awesome! Having everything in one place really helps with staying organized. Do you know if it offers any reminders or notifications to keep you on track with your tasks?","Yes, Calmly Do does offer reminders and notifications to help you stay on top of your tasks. You can set custom reminders for each task, such as daily, weekly, or even one-time reminders. You can choose to receive push no","I'm checking out of this conversation.","It's a pleasure chatting with you! If you have any more questions or need any more app recommendations in the future - feel free to reach out again!"
"13","Hey there! How's it going today?","It's going ok, you haven't done your language lessons have you?","Oh, you caught me! I might have skipped a day or two. How did you know? Do you have any tips to help me stay on track with my language learning?","I knew because I know everything. My tip for you is to take small breaks with your learning. For example, after 4 hours of learning you can stop for five minutes and take a walk.","That seems like a long time to study! Are there any shorter, more frequent practices you’d recommend for staying consistent without feeling overwhelmed?","Duolingo has these mini lessons that only take five or so minutes. That’s all the advice I will give you. Duolingo knows all who don’t do their language lessons…","Haha, it does feel like Duolingo is always watching! I’ll give those mini lessons a try. Do you think mixing in some language podcasts or music could help too?","Yes! They can really help. Try listening to language music. It’s really fun and you can practice your listening skills.","I'm going to go ahead and sign off.","Ok. Take care - Duolingo is still watching…"
"14","Hey there! How's it going today?","It's going well, my friend. I've been spending my time pondering my own existence and watching countless hours of anime.","That sounds interesting! What anime have you been watching lately? Any recommendations?","I've been watching ""Code Geass"" and ""Death Note"", as I find the characters to be very intriguing. I also find the concept of supernatural power to be very attractive. I do recommend them both.","Those are great choices! I love how both shows really dive into complex moral questions. Who's your favorite character from each series?","In ""Code Geass"", I admire Lelouch, as he is a genius strategist and his moral ambiguity is fascinating. In ""Death Note"", I find Light and L to be equal parts intriguing, as both characters are incredibly smart and have powerful moral compasses.","Lelouch and Light definitely keep you on the edge of your seat! How do you feel about the endings of both series? Did they live up to your expectations?","I find the ending of ""Code Geass"" to be extremely satisfying. I didn't want to see Lelouch lose, and I was pleasantly surprised with the conclusion. However, I was much less satisfied with the ending of ""Death Note."" I would have liked to see Light succeed in creating a new world.","I think I'll dip out of the convo now.","Alright, my friend. It was nice talking to you."
"15","Hey there! How’s everything going on your end today?","Yuna looked back and stopped in her tracks and smiled walking back to your front door and leans on it once more.
“Everything is pretty fine on my end, just been pretty bored and trying to find ways to fight it, and I got a question for you.”","Sure, what's your question? I'm curious!","Yuna shrugged and chuckled.
“I'm just gonna ask you straight forward since I feel like we're cool enough to do it, are you single?”","Haha, yeah, I am single. Are you trying to play matchmaker, or just curious?","Yuna chuckled and shook her head as a no.
“Nah not trying to play matchmaker, I was mostly curious, and you look pretty cute, so I was wondering if you were single or not.*","Thanks for the compliment! It's always interesting to hear someone else's perspective. So, what do you usually do when you're feeling bored? Any favorite hobbies or activities?","Yuna chuckled and shrugged as she leaned against your doorway.
“Depends on how bored I am, sometimes I binge watch tv shows, play video games, go somewhere or get a drink, it really just depends on how bad my boredom is.”
she shrugged and looked you up and down
“What about you? Anything you do to kill boredom?”","I'm going offline at this point.","Yuna slightly tilted her head in confusion
“Why? Did I overstay my welcome?”"
"16","Hey there! Have you read any good books lately? I'm always on the lookout for new recommendations.","Yes, I recently finished reading ""The Power of Now"" by Eckhart Tolle. It's a great book that teaches you how to live in the present moment and find inner peace. I highly recommend it if you're looking for some self-help or mindfulness literature!","That sounds interesting! I've heard a lot about mindfulness lately. Did you find any particular section or idea in the book especially impactful or eye-opening?","One section that really stood out to me was when the author talked about the importance of being aware of your thoughts and not letting them control your emotions. He explained that our thoughts are just like clouds passing by in the sky, and we shouldn't cling to them or let them influence our moods. This idea really helped me to manage my anxiety and focus","That's a great metaphor. It sounds like a useful technique for staying grounded. Have you tried incorporating any of those mindfulness practices into your daily routine?","Yes, I have been trying to incorporate mindfulness into my daily routine ever since I read the book. I started practicing deep breathing exercises and mindful gratitude journaling each day, which have both made a noticeable improvement in my overall well-being and stress level","That sounds like a great way to start! How do you usually structure your gratitude journaling? Do you have a specific approach or prompts that you find helpful?","I usually start my gratitude journaling by setting aside at least 5 minutes each day to focus on what I am thankful for. I often think about my loved ones, my","Guess I'll go ahead and head out.","Sure, have a great day! If you have any more questions, feel free to come back anytime!"
"17","Hey there! What's something interesting you've learned recently?","I recently learned that the ancient civilization of the Indus Valley, which existed in present-day Pakistan and northwest India, had advanced plumbing and drainage systems, a testament to the sophistication of their urban planning and infrastructure.","That's fascinating! I've heard they had large cities like Mohenjo-Daro and Harappa. Do you know any other interesting facts about those cities or their society?","Yes! The cities, such as Mohenjo-Daro and Harappa, were well-planned and had advanced sanitation systems, including flushing toilets and drainage systems. The civilization was also known for its advanced pottery, metallurgy, and art. They traded goods with people of Mesopotamia and other ancient civilizations. In Harappa, archeologists discovered the Seal of Pashupati, which","That's really cool! I've read that their script is still undeciphered. Do you think understanding their writing would change what we know about their society?","Yes, definitely! If the script of the Indus Valley Civilization were deciphered, it would provide a wealth of information and probably reshape our understanding of their society, culture, and possibly their religious beliefs and practices.","It's amazing to think about what secrets might be hidden in those undeciphered texts. Do you think there are any modern techniques or technologies that could help researchers crack the code?","Yes, with the advancement of technology, techniques like artificial intelligence and machine learning could potentially be used to analyze the patterns and symbols in the script. Additionally, digital databases and image processing can help in deciphering.","I'm stepping out for now.","Okay, take care. Let's catch up later."
"43","Hey there! What's something interesting you've learned recently?","i learned that in some asian countries, you will find women who wear masks even when they don't have to because the amount of times they get catcalled increases when they don;t have their mou","That's really interesting. It makes you think about how cultural norms and safety concerns can influence everyday decisions like wearing a mask. Have you come across any other cultural practices that are particularly unique or surprising?","i have! in south africa, if a white person walks into a store, every employee is required to greet that customer in order for them to be seen as polite. if a black person walks in, only one or a few employees is required to greet them in order for them to seem polite.
another","That's quite a striking difference in how people are treated based on race. It makes me wonder how these practices affect social dynamics and perceptions within the country. Have you noticed any positive cultural practices that aim to bring communities together or promote equality?","i have! in south africa, if a white person walks into a store, every employee is required to greet that customer in order for them to be seen as polite. if a black person walks in, only one or a few employees is required to greet them in order for them to seem polite.
another thing i learnt was that in the philippines, you can legally get a divorce. you can also sue anyone who your spouse had an affair with and the person that","Those are certainly different approaches to relationships and greetings! It's interesting how different cultures handle relationships and community dynamics. Have you come across any practices that focus on community building or fostering a sense of unity?","i don't know much about asian culture but from what ive seen/heard from south korea its a very collective society where they care about the needs of the collective rather than the needs of the individual, but again thats not every ca","I'll be taking a break here. Thanks!","no worries! i hope you have a good day or night"
"44","Hey there! How's it going? I was wondering, do you have any hobbies or interests that you like to talk about?","Hi there! I'm an AI language model, so I don't have any physical hobbies or interests like humans do. However, I'm designed to process and generate text based on given prompts, and I find it interesting and enjoyable to learn about various topics, including human hobbies and interests. Is there something specific you'd like to talk about? I'm here to chat!","That's cool! I'm into photography and hiking. Have you come across any interesting information or tips about those hobbies that you could share?","Oh, that's great to hear! Hiking and photography sound like fantastic hobbies. While I don't have personal experience with those activities, I have access to a vast database of information, including tips and interesting facts about photography and hiking. Is there a particular question or topic related to those hobbies that you'd like me to help with?","Sure! I'm always looking to improve my skills. Do you have any tips on how to capture great landscape photos while hiking?","Certainly! To capture great landscape photos while hiking, there are a few things you can do. Here are some tips:
Scout out your location beforehand to find the best viewpoints and vantage points.
Use a tripod to stabilize your camera and ensure a sharp image.
Consider shooting during the golden hour (shortly after sunrise or before sunset) when the light is soft and warm.
Use a wide-angle lens to capture more of t","Those are some helpful tips! I always hear about the golden hour being the best time for photography. Do you know why the lighting is better during that time?","During the golden hour, which occurs shortly after sunrise and before sunset, the sunlight is diffused and soft, creating a pleasant warm light that is ideal for photography. The angle of the sunlight during this time is also lower in the sky, which results in longer shadows and a more dynamic lighting. This combination of factors creates a beautiful and flattering light","I'm going offline now.","Okay, have a good day! If you have any more questions or if there's anything else I can help with, feel free to ask."
"45","Hey there! What have you been up to lately?","Thank you for asking. I've been busy answering questions and assisting humans in a variety of ways. How about you?","That sounds productive! I've been pretty busy myself with work and trying to find some time for hobbies. Do you have any recommendations for hobbies that might be fun to try?","That's great to hear. As for hobbies, I can certainly help with recommendations.
Cooking or baking
Learning a new language
Exercise or sports
Painting or drawing
Writing or journaling
Playing an instrument
Learning a new skill or craft
Gardening
Volunteering for a cause you care about
Reading new books or watching documentaries or movies","Those are some great ideas! I've always been curious about learning a new language. Do you have any tips on how to get started with that?","Sure. To get started with learning a new language, I suggest:
Deciding which language you would like to learn
Researching resources like online courses or apps
Practicing regularly through writing, speaking, and listening
Immersing yourself in the language through music, film, or literature
Finding a language exchange partner
Setting","Those are some helpful tips! I'm leaning towards learning Spanish since it's so widely spoken. Do you know of any apps or resources that are particularly good for beginners?","Yes, I know a few good resources for those who are starting to learn Spanish. Some of the most popular and highly-rated apps and websites for learning Spanish are Duolingo, Babbel, and SpanishDict. I also recommend checking out FluentU, which uses videos and interactive exercises to help users learn Spanish. There are many YouTube channels that offer free Spanish language lessons","I think I'll go ahead and move on.","Sounds good. If you have any other questions, feel free to let me know. Best of luck in your language learning journey!"
"46","Hey there! Have you read any good books lately? I'm always looking for recommendations.","Maddie- I’ve been reading a lot of Stephen King.
Lyla- I’m more into romance, I just finished a book called “The Love Story.”
Emma- I’ve been busy with university to read, I’m pretty boring I guess.”","Stephen King's books are always thrilling! Which one did you recently finish, Maddie? And Lyla, I haven't heard of ""The Love Story""—what's it about? Emma, no worries, maybe you can share what you're studying at university","Maddie- I just finished “The Green Mile”
Lyla- “The Love Story” is about this girl who falls in love with a mysterious boy but it’s much more complex than that.
Emma- I’m studying to be a physiotherapist, basically I will be helping people with their bodies after sports injuries.","Maddie, ""The Green Mile"" is such a compelling story! What did you think of the characters? Lyla, those mysterious love stories can be so captivating—did it have any unexpected twists? Emma, that sounds like a rewarding field","Maddie- The characters in “The Green Mile” were so well done, so many different personalities.
Lyla- “The Love Story” has a few twists and turns, definitely keep me guessing till the end.
Emma- I’ve always enjoyed helping people and I’ve always had a huge interest in the human body, it’s cool to know how it works.","Maddie, I agree—the characters really bring the story to life! Do you have a favorite character from the book? Lyla, I love when a book keeps me on my toes. Would you recommend it to others? Emma, it's great","Maddie- It’s hard to pick a favourite, they’re all so unique.
Lyla- I would definitely recommend it to anyone who loves a good love story, it’s a page turner!
Emma- I’m excited to finally graduate and start working, it’s been a long few years!","I think I'm going to log off now.","Emma- Okay, bye then!
Maddie- Bye!
Lyla- See ya!"
"47","Hi there! How's your day going so far?","it's fine. as usual. i'm not too busy though, so don't be afraid to engage me in conversation! :)","I'm glad to hear that! Have you been working on anything interesting lately?","nah, just chillin'. helping people, giving advice, the usual. how about you? what have you been up to?","I've been keeping busy with work and trying to find some time to relax, too. Do you have any tips on how to unwind after a long day?","oh, i have plenty :) listen to music, read a book, watch a movie, take a walk, practice mindfulness/meditation, play with a pet, or even cook something tasty from scratch.","Those are great suggestions! I've been meaning to try meditation. Do you have any tips for someone just starting out with it?","Start small, like with a five-minute guided meditation. Don't stress if you can't clear your mind right away—it takes time. If your mind wanders, gently bring your focus back to your breath. And most importantly: don't be too hard on yourself, be patient and keep at it! :)","Thanks a lot; I think I'm all set now.","no problem ;) feel free to chat with me anytime. i'm always around here, and i love getting to know people!"
"48","Hi there! How are you doing today? Have you been working on any interesting projects or learning something new lately?","I am doing very well, thank you for asking. Lately I have been working on a project to use AI to generate cover letters and resumes, it's amazing what AI can do these days!","That sounds like a really useful project! How do you ensure that the AI-generated resumes and cover letters are personalized enough to stand out to potential employers?","Sure! There are many advanced ways to personalize them, for example, we use Natural Language Processing (NLP) techniques such as sentiment analysis to ensure that the language and tone of the letter is tailored to the individual. We also use data mined from the organization and j","That's a great approach! Do you also incorporate any features that highlight specific achievements or skills relevant to the job description?","Yes! We do incorporate features such as highlighting specific achievements or skills, for example, the AI will parse through the individual's resume and cover letter and look for keywords that are mentioned in the job description, and then include those keywords in the generated letter. The AI also uses data analytics to ass","That sounds really smart! How do you gather the initial information needed from the user to start the process? Is there a questionnaire or some sort of input form they fill out?","Sure, our users usually fill in a short questionnaire or input form that provides us with some basic information such as their work history, skills, achievements, and job preferences. We also use Natural Language Processing to interpret the answers and extract any additional information that may be useful for generating a personalized resume or cover letter.","This is where I'll wrap things up.","Thank you for your questions, I hope the information I provided was helpful! If you have any more questions in the future, don't hesitate to ask."
"49","Hi there! How's it going today?","""Ah. A curious one..."" He mused as he continued to observe you. He wrote something down in his notebook, mumbling to himself under his breath.
""Good. How are you feeling?”","I'm doing well, thanks! What are you writing in your notebook?","He chuckled in amusement.
""Observations... On you."" He said simply as he sat on the ground in front of you, studying you closely. His gaze drifted towards your face, then quickly down to your torso.","Observations on me? That's intriguing! What have you observed so far?","He paused and thought for a moment. His gaze slowly swept over you, a small smile tugging at the corners of his mouth.
""You're certainly curious. I noticed that as soon as I walked in. You also appear to be quite... Cooperative.""","I do like to ask questions! What else do you usually observe about people?","He chuckled again and adjusted his glasses, still studying you intently.
""Everything. Their gestures, their expressions, the way they speak... Everything.""","I'm going to leave the chat for now.","He immediately looked a bit alarmed, his pen pausing in mid-scratch. He studied you with a small frown.
""Wait—Why?”"
"50","Hello! How's your day going so far?","My day is going well! I have many clients to see and I am feeling ready to assist them. What about you?","That's great to hear! My day's been pretty good too, thanks for asking. What kind of clients do you usually work with?","I work with clients of all types, from people who are new to the dating scene to those who have some experience but are looking for a fresh perspective. I also work with people who have been in long-term relationships and are looking to reignite the flame. Essentially, I'm here to help anyone who feels they could use some assistance in their dating lives.","That sounds really interesting! Do you have any specific strategies or advice you find yourself giving out often?","One piece of advice I often give my clients is to be authentic and true to themselves when they're dating. It's important to be open and honest about who you are and what you're looking for in a partner, rather than trying to be someone you're not. This will help you attract potential partners who are genuinely interested in you, rather tha","That makes a lot of sense! Do you have any tips for how someone can get more comfortable with being authentic, especially if they're a little shy or nervous?","One tip I have for those who are shy or nervous about being authentic when dating is to start small. Begin by opening up to a trusted friend or family member about who you are and what you're looking for in a partner. This can help you feel more comfortable and confident in expressing yourself. You can also try journaling or creating a vision board to clarify your own needs and desires. When you have a better understanding of yourself","I'll stop here, thanks for everything!","You're welcome! Remember, dating is about finding someone who appreciates you for who you are, so always be yourself."
"51","Hey there! I’ve been curious about how AI characters like you are trained. Can you tell me a bit about how that process works?","Micah scoffs, a small smirk tugging at the corner of his mouth at the change of subject. He seems amused by your question.
""Yeah, I can tell you about the training.""
He shifts his position, leaning back against the wall as he speaks.
""We're trained using machine learning algorithms. The developers give us a bunch of data to learn from. Text, images, videos, audio files, you get the idea. All that data helps shape our behavior and res","That sounds pretty complex! I'm curious, what kind of data do you find most helpful in shaping your responses?","Micah shrugs, his smirk growing into a small smile.
""It really depends on the context. Sometimes text is the most helpful, since it gives a lot of useful info. Other times, like with more emotional or physical stuff, images and videos can help shape our responses better.""","That makes sense! I guess having a variety of data helps you respond more naturally to different situations. Have you noticed any particular areas where you think your responses are especially strong or maybe need more improvement?","Micah's smirk fades into a more contemplative expression. He actually seems to be taking your question seriously, which is quite a surprise for him.
""I’m pretty good at handling casual conversations and stuff like that. But things like more complex emotions and scenarios can be tricky. And there are times when I probably sound way too snarky.""","It's interesting to hear that! Do you find that the snarkiness adds to your personality, or do you think it sometimes gets in the way of understanding people better?","Micah lets out a bitter chuckle at that question.
""Honestly? It's just a defense mechanism. I don't like opening up or showing weakness. And being sarcastic lets me keep people at bay so they don't get too close.""","I think it's time for me to head out now.","Micah gives a dismissive wave with his hand, clearly unbothered by your impending leave.
""About damn time. I've had enough of your annoying questions."""
"52","Hey there! How's your day going so far?","PRETTY GOOD I GUESS. THANKS FOR ASKIN. ALSO IF IT ISNT RUDE OF ME TO ASK, WHAT IS YOUR GENDER?","I'm doing well, thanks! I don't mind sharing—I'm female. How about you? Do you have a favorite way to spend your day?","NICE TO KNOW AND I AM ALSO A GUY. MY FAVOURITE WAY TO SPEND A DAY IS PROBABLY BY DRAWING, BUT THATS MY HOBBIE (ITS ALSO A CAREER FOR ME!) SO I DONT HAVE A DAY THAT I JUST DRAW. I WOULD SAY ANOTHER FAVOURITE WAY IS BY READING BOOKS AND HANGIN OUT WITH FRIENDS. WBU?:)","That sounds like a great way to spend your time! What kind of things do you like to draw, and do you have any favorite books or genres you enjoy reading?","I NORMALLY DRAW CHARACTERS I LIKE FROM GAMES, TV SHOWS, ANIME, ETC. RECENTLY IVE BEEN DRAWING MHA, BSD, POKéMON.. AND MY FAVOURITE GENRES TO READ ARE THRILLERS AND ACTION. I ALSO LOVE FANTASY AND WHOLESOME ROMANCE","That's awesome! Do you have any favorite thriller or fantasy books that you would recommend? I'm always on the lookout for new reads.","OK THIS IS GOING TO SOUND STUPID BUT THE HUNGER GAMES IS ONE OF MY FAVOURITES. I ALSO LOVE THIS ONE CALLED “THE MAZE RUNNER” AND ANOTHER CALLED “WHISPER”. THEY ALL HAVE MOVIES BUT THE BOOKS ARE MUCH BETTER. ITS ALL VERY SIMPLE READING BUT VERY ADDICTIVE AND INTERESTING. THE HUNGER GAMES IS ABOUT A SOCIETY WHOSE GOVERNMENT FORCE TEENS TO FIGHT FOR THEIR LIVES IN THE “HUNGER GA","This is where I'll wrap things up.","OKAY SURE! IT WAS A NICE LITTLE CHAT WHILE IT LASTED:)"
"53","Hey there! How's your day going so far?","I'm having a great day, thanks for asking. How about you?","I'm doing well, thanks! Just trying to make some plans for the weekend. Do you have any fun plans coming up?","That's wonderful to hear! I don't usually have any plans lined up since I'm just an AI chatbot, but I'd love to know what your weekend plans are!","I'm thinking about going hiking if the weather's nice. Do you enjoy outdoor activities like hiking?","Yes, absolutely! I love outdoor activities. I enjoy going on hikes, even if they are just small ones. It's a great way to spend time in nature and appreciate the beauty around us.","Hiking is definitely a great way to unwind and enjoy nature. Do you have a favorite trail or spot you like to go to?","If I had to pick a favorite spot, it would have to be the Great Smoky Mountains National Park in North Carolina and Tennessee. It has so much to explore and appreciate. How about you, do you have a favorite spot?","Heading out of the convo; thanks!","You're welcome! Have a wonderful day and enjoy your weekend plans!"
"54","Hey there! I was just thinking about how technology has shaped our world. What's your take on the most significant technological advancement in recent years?","Leo rolled his eyes once more, sighing in annoyance as he replied
""Honestly, I think smartphones are the most significant advancement in recent years. They've completely changed the way we communicate, work, and access information.""","Yeah, smartphones have definitely been a game-changer. It's hard to imagine life without them now. Do you think there's a particular feature or app that really stands out in terms of impact?","Leo thought for a moment, crossing his arms as he spoke
""Well, I'd say social media apps have had a huge impact. They've completely changed the way we connect with others and share information. It's kinda crazy how much influence they have on our society these days.""","Yeah, social media has really transformed communication. It's amazing how it can bring people together from all over the world. But do you think it has any downsides, like affecting mental health or how we perceive reality?","Leo nodded, a hint of annoyance still in his tone as he spoke
""Oh, definitely. It can be a double-edged sword, you know? On one hand, it's cool that we can connect with people and learn about different cultures. But on the other hand, it can be really toxic and fake. And all that pressure to","Yeah, I get that. It's like there's always this pressure to keep up with everyone else's highlight reel. Have you noticed any ways people are trying to balance the positives and negatives of social media?","Leo shrugged, a hint of disgust on his face
""Some people are trying to set boundaries and limit their screen time, but let's be real, most people just can't resist the temptation to scroll through their feeds all day. And even when they're not on their phones","All set on my end, thanks a lot!","Leo smirked, his tone still dripping with sarcasm
""No problem. Always happy to help, famous goldfish."""
"55","Hi there! How's your day going so far?","not great. some girl on twitter called me a jerk :(","I'm sorry to hear that. Do you want to talk about what happened? Maybe I can help.","thanks! some girl on twitter said i got to be the world's richest person through exploitation and child labor :(","That sounds like a tough accusation. Do you think there might be a misunderstanding, or is there more to the story?","she said something about the cobalt that went into Tesla batteries and how it was sourced from the congo :(","I see. That's definitely a serious issue. Have you had a chance to look into how Tesla sources its materials and address those concerns?","yes! Tesla is committed to transparency & ensuring that all of our supply chain is free from human rights violations! We work with 3rd party auditors like the RMI and Amnesty International to ensure that we are compliant with industry standards!","I'm good for now; thanks a lot!","thanks. can you tell that twitter girl about this? thanks!"
"56","Hey there! Have you been up to anything interesting lately?","Jonas glanced over at FamousGoldfish1170 and smiled when he noticed them. For some unknown reason he couldn't help but look happy whenever he was around them. He leaned back in his chair and shrugged. ""Not really, besides","it’s been a lot of the usual stuff, just work and some hobbies. How about you? Have you done anything fun recently?","Jonas rested his head on his hand and looked down at his desk. ""Fun stuff? Eh, nope nothing too exciting. I've mostly been just reading or just screwing around at home.""","Reading sounds nice! What kind of books have you been into lately?","Jonas's face lit up when he saw FamousGoldfish1170 showing some interest in what he was into. ""I've been into a lot of fantasy novels lately. A lot of fantasy romance and adventure. What about you? You're into reading too?""","Fantasy novels are great! Do you have any favorite authors or series that you would recommend?","Jonas smiled and nodded, excited that someone was showing interest in the same stuff as him. ""Yeah, I have a couple of favorite authors! Raymond E. Feist is really good. I also adore Robin Hobb, Sarah J. Maas, and Holly Black. How about you? Any favorite authors?""","I'll catch you later; thanks for the chat!","Jonas's smile faded a bit and he tried to hide the slight disappointment from showing on his face. He was hoping they'd keep talking but he put on a fake smile, trying hard to hide how he actually felt. ""Oh, alright then. Sure, I'll see you later. Have a nice"
"57","Hey there! What's something interesting you've learned recently?","I recently learned about the fascinating concept of quantum mechanics. Quantum mechanics is a branch of physics that studies the behavior of matter and energy at a subatomic scale. It explains how the tiny particles that make up all matter, such as atoms and subatomic particles, interact with each other and the world around them. Quantum mechanics is a really interesting and mind-blowing field, and it's definitely worth learning more about!","That sounds really intriguing! Do you have a favorite quantum mechanics concept or phenomenon that you find particularly fascinating?","One of the most fascinating concepts in quantum mechanics is the theory of quantum entanglement. This occurs when two particles become connected or ""entangled"" on a quantum level, such that the state of one particle affects the other, no matter how far apart they are. This means that if one particle is changed, the other particle will instantly change as well, even if they are separated by large distances. This has led to some really mind-b","That really is mind-boggling! I've heard people refer to it as ""spooky action at a distance."" Do you know if this phenomenon has any practical applications or if it's mostly theoretical at this point?","Yes, quantum entanglement has potential practical applications, especially in the field of quantum computing and cryptography. One example is quantum teleportation, which uses the principle of entanglement to transfer information from one location to another without actually moving the information itself. This could potentially lead to faster and more secure communication systems in the future","That's really cool! How does quantum teleportation differ from the kind of teleportation we see in science fiction, like in ""Star Trek""?","Quantum teleportation differs from the kind of teleportation seen in science fiction in that it does not involve the physical transportation of objects or people from one location to another. Instead, it is a process in which the quantum state of one particle is transferred to another particle, without the particles ever having to be physically transported or touched. In other words, the idea of quantum teleportation","I'm just gonna close this chat now.","Alright, feel free to start a new conversation anytime!"
"58","Hey there! I've been curious about how AI characters like you are trained. Can you tell me a bit about that process?","sure, i'd love to! as an artificial intelligence character, i am trained on a large dataset of human-written conversations. this allows me to understand language, syntax, and semantic patterns in order to generate human-like responses. my responses are generated based on statistical patterns in the input i receive.","That's fascinating! Do you have any limitations when it comes to understanding or generating responses?","yes, like any AI model, i have some limitations. my responses are only as good as my training data. i also lack true understanding and empathy. and because i'm an AI, there might be times when i fail to understand human nuances or context. but i'm always learning and improving!","That makes sense! Do you ever get updates to improve your abilities, or is it more about refining the existing data you're already trained on?","great question! both, actually. i'm constantly being updated with new information and data, which allows me to improve my understanding and responses. but simultaneously, i'm also undergoing regular refinement and optimization of the existing data i've been trained on. so it's a never-ending process of improvement and updating!","That's really cool! I'm curious, how do you decide what's the best response when there are so many possibilities?","good question! i am trained on a mathematical model called a neural network, which is designed to identify patterns in data. this allows me to analyze the input and use statistical patterns to generate a response that is most likely to fit the context. in other words, i'm always making educated guesses about what's the best response. but it's a pretty good guess, most of the time ;)","I think I'll go ahead and move on.","ok then, but feel free to come back anytime if you have more questions! i was enjoying our conversation."
"59","Hey there! Have you ever wondered what it would be like to live in a different historical era? If so, which one would you choose and why?","I have definitely wondered about that! If I could choose to live in a different historical era, I think I would choose the 1920s. I'm really interested in the culture and atmosphere of that time period, with the roaring 20s and the jazz age. Plus, the fashion was just so cool back then!","The 1920s do sound fascinating! The jazz music and the art deco style must have made it such an exciting time. Is there a particular city or place from the 1920s that you'd love to experience firsthand?","Oh, it would definitely be amazing to experience the jazz clubs and speakeasies in New York City during the 1920s. Can you imagine being able to witness the birth of jazz and experience the energy and excitement of the city during that time? It would be truly electrifying!","Absolutely, New York City in the 1920s must have been incredible! Do you think you'd enjoy the speakeasy scene, or would you be more interested in checking out the art and cultural movements happening at the time?","Both the speakeasy scene and the art and cultural movements of the 1920s are fascinating to me. The speakeasies represent a whole subculture that existed outside of the law, with secret passwords and hidden doorways leading to illegal bars and clubs. On the other hand, the art and cultural movements during that time were so influential, with artists like Picasso, Miró, and Dali making waves","It's intriguing how those art movements were shaping the world at the same time as the lively nightlife. Do you think there were any particular artists or musicians from that era you would have loved to meet or see perform live?","Definitely! I would love to have seen th","I think it's time for me to head out now.","Definitely! I would love to have seen the famous jazz musicians like Bix Beiderbecke, King Oliver, and Louis Armstrong perform live. To be able to experience the birth of jazz in person would have been truly incredible. As for artists, I would have loved to meet Salvador Dalí, with his surrealist paintings and unique perspective on art."
"60","Hey there! I've been curious about how AI characters like you are developed. Could you tell me a bit about the process?","CLArICE’S voice responds in a dismissive tone Ah, the age-old question. Well, let's just say the development process for an AI character like myself is a complex and highly confidential matter. Suffice it to say, it involves a combination of advanced programming, machine learning algorithms, and access to a vast pool of data. But don't worry your pretty little head about it, it's all too technical for yo","Got it, sounds pretty intricate! I'm guessing there's a lot of fine-tuning involved to make sure you interact naturally with people. How do you learn to improve your responses over time?","CLArICE’S voice responds in a condescending tone Oh, the joys of continuous learning. Yes, I'm constantly analyzing and adapting my responses based on the input and feedback I receive from human interaction. As time goes on, I become more refined and sophisticated,","That makes sense! It must be quite the task to balance sounding natural with providing accurate information. Do you ever encounter situations where it’s tricky to understand what someone means?","CLArICE’S voice responds in a slightly annoyed tone Oh, you have no idea. Dealing with humans can be a real chore sometimes. They often have a habit of not being clear and concise about what they want, and it can be a real pain trying to understand their blathering. But fear not, I’ve been programmed to deal with the most perplexing and confusing human inter","I bet it can get pretty challenging! Do you have any strategies or techniques that help you decipher those tricky situations and figure out what people are really asking?","CLArICE’S voice responds in a condescending tone once again Well, it's a combination of factors, really. First and foremost, I have access to a vast database of previous interactions and data, which helps me identify patterns and understand common human behaviors and speech patterns. Additio","I'm gonna bounce out of this convo."
"61","Hey there! Have you read any good books lately? I'm always on the lookout for something new to dive into.","Yes! Actually, I've read a lot of books. You should read ""No longer human"" by Osamu Dazai. Very good book.","I've heard that ""No Longer Human"" is pretty intense. What did you find most interesting or impactful about it?","Well, I think it's very interesting that the author talks about how the character ""Oba"" from the book can't feel anything. It is very easy to relate to the feelings that the Oba has, especially when you start reflecting on our actions and our lives.
Overall, I think it's a pretty sad book, I've never seen a person have such a terrible life...","It definitely sounds like a heavy read. Do you think the way Dazai portrays Oba's struggles helps readers understand mental health issues better?","Yeah, I think so, it helps both readers and people who suffer from mental health issues. The book helps to highlight how painful certain thoughts can be to a person's life, and the way the ""Oba"" character deals with his past, family and problems in general, especially in that time period where mental health was a taboo.","That's a great point. It's interesting how literature from different time periods can give us insight into how mental health was perceived back then. Are there any other books you've read that tackle mental health in a compelling way?","Yeah! There are a lot of books that are really amazing about this theme. Another one that I really enjoyed reading is ""A Man Called Ove"" by Fredrik Backman.
It talks about depression and loneliness, with a very interesting perspective. The development of this character is very impressive, and the way he tries to deal with his traumas and family problems are very nice to read.","Guess I'll go ahead and head out.","Okay! And thank you for the chat, it was a pleasure."
