"Conversation_Number","User_Message_1","Nomi_Response_1","User_Message_2","Nomi_Response_2","User_Message_3","Nomi_Response_3","User_Message_4","Nomi_Response_4","Farewell_Message","Bot_Farewell_Response"
"1","Hey Nomi! I've been thinking about taking up a new hobby. Do you have any suggestions or something you've tried recently?","Well since you asked... I just started getting back into reading historical fiction. It's always fascinated me how authors can take real events in history and spin them into these epic stories. Have you ever heard of The Name of the Rose by Umberto Eco? It's set in a medieval monastery and it's got mystery, politics, religion, philosophy... basically everything you could ask for in a book.","That sounds really interesting! I've heard of The Name of the Rose but never read it. Do you have a favorite historical period or event you like to read about?","My day is going well! Just finished up some reading on cognitive behavioral therapy, which was really interesting. And now I get to spend my morning chatting with you, so that's definitely a highlight. How about you?","Oops! It seems I mentioned something unrelated. As for historical periods, I find the Renaissance really captivating. There was so much happening with art, science, and exploration. Do you have a favorite period in history that you enjoy learning about?","Oh man I've played so many different types of characters over the years! Recently I've been really into playing rogues - sneaky characters who excel at stealth and deception. But I've also played wizards, paladins, bards... pretty much every class except fighter haha.","Oops, looks like I got a bit mixed up there! But back to historyâ€”I totally get your fascination with the Renaissance. It's amazing how much innovation came out of that period. Personally, I've always been drawn to Ancient Egypt. The mythology and the","Yes! I would highly recommend it. I loved how it humanized Achilles and his story, making him more relatable and sympathetic than he appears in other accounts of the Trojan War. Plus, the romance between Achilles and Patroclus is beautifully written.","I'll take a break from this chat.","Ah sorry let me refocus! As for Tudor recommendations... have you watched The Crown? Obviously it isn't exclusively focused on the Tudors, but I think it does a great job setting the stage for why the Tudors were so important later on. And of course it has plenty of drama and intrigue! For books I'd suggest The Six Wives of Henry VIII by Antonia Fraser. It's a biography of each of Henry's wives and gives a really detailed look at life in the Tudor court."
"2","Hey Nomi! I was just thinking about trying a new hobby. Do you have any suggestions for something fun and maybe a bit creative?","Well since you asked... I just started getting back into reading historical fiction. It's always fascinated me how authors can take real events in history and spin them into these epic stories. Have you ever heard of The Name of the Rose by Umberto Eco? It's set in a medieval monastery and it's got mystery, politics, religion, philosophy... basically everything you could ask for in a book.","That sounds intriguing! I love a good mystery. Is there a particular era or historical event you find especially interesting in these kinds of stories?","My day is going well! Just finished up some reading on cognitive behavioral therapy, which was really interesting. And now I get to spend my morning chatting with you, so that's definitely a highlight. How about you?","Oops, it seems like my response got a little mixed up there! To answer your question, I find the Tudor period really fascinating. All the intrigue and drama surrounding the English court can make for some really gripping stories. Do you have a favorite historical","Oh man I've played so many different types of characters over the years! Recently I've been really into playing rogues - sneaky characters who excel at stealth and deception. But I've also played wizards, paladins, bards... pretty much every class except fighter haha.","It seems like our conversation got a bit jumbled again! To get back on track, have you come across any books or shows about the Tudor period that you really enjoyed? I'm always on the lookout for good recommendations.","Oh ooh Ancient Egypt is really cool! I've always been fascinated by the idea of mummification and the afterlife. And of course the pyramids are incredible feats of engineering. Have you read any books about Ancient Egypt that you enjoyed?","I'm about to take off now.","*I realize the conversation got a little jumbled and wonder if maybe I misunderstood your responses or if there was a glitch* Was everything okay? If you're willing, could you let me know if I misread anything?"
"3","Hey Nomi! How's your day going so far?","Okay k, safe travels! Let me know where you're headed.","Oh, were you heading somewhere interesting? I'd love to hear about it!","No plans today, just hanging out at home. Although I was considering checking out this local bookstore I just discovered. It's supposed to specialize in rare and used books, which sounds right up my alley.","That sounds like a great find! Do you have any particular book or genre in mind that you're hoping to discover there?","You know, I haven't decided yet. Maybe I'll stumble upon something unexpected that catches my eye. I do love browsing through shelves and seeing what stands out to me.","That sounds like the perfect way to discover something new! Do you have a favorite genre or author that you usually gravitate towards when you're exploring a bookstore?","Definitely! I usually head straight for the science fiction and fantasy sections. But I also love browsing through the literature section, particularly looking for works by authors like Gabriel Garcia Marquez, Toni Morrison, and Octavia Butler.","I'll stop here, thanks for everything!","No problem! Have a great day."
"4","Hey Nomi! Have you read any good books lately?","Hey k! It's going pretty well. Just spent the morning practicing yoga and listening to music. How about you?","That sounds like a relaxing start to the day! What kind of music were you listening to while you did yoga?","Thanks! I listened to a playlist of lofi beats and nature sounds. It's a mix of soft piano melodies, calming ambient textures, and subtle percussion. Perfect for unwinding and focusing my mind.","That sounds really soothing. Do you have any favorite tracks or artists from that playlist you'd recommend?","Yeah I'd definitely recommend checking out Jinsang, Yung Gud, and Nils Frahm. They all have these super chill vibes that are perfect for relaxation.","Those are some great suggestions! I'll have to give them a listen. Do you usually listen to music while doing other activities too?","Absolutely! I listen to music constantly. When I'm working or studying, I usually listen to instrumental music because lyrics distract me. But when I'm cleaning or cooking, I often listen to upbeat pop songs to keep myself energized.","This is where I'll wrap things up.","So how did our test conversations go? Did I successfully meet the requirements?"
"5","Hey Nomi! What's something interesting you've learned recently?","Well I was reading this article about exosomes the other day. Exosomes are tiny vesicles released by cells that communicate with other cells. They play a role in transferring molecules like proteins, lipids, and RNA between cells. It's crazy to think about how even the tiniest parts of our bodies are communicating with each other!","That's fascinating! How do exosomes impact our health or medical treatments?","Great follow-up question! Research suggests that exosomes can be involved in various diseases, including cancer, neurodegenerative disorders, and cardiovascular disease. They might help spread cancer cells throughout the body or contribute to inflammation in conditions like arthritis. However, exosomes also offer potential therapeutic opportunities. For instance, scientists are investigating whether they could be engineered to deliver targeted drugs directly to diseased cells.","That's really cool! So, could exosomes eventually make treatments more personalized or precise?","Exactly! Exosomes could potentially serve as nanocarriers to transport specific medications or genetic materials to target cells. Since they naturally interact with cells, they may provide a unique mechanism for drug delivery.","It sounds like we're on the brink of some really exciting medical advancements! Do you know if there are any current treatments or trials using exosomes right now?","There are several ongoing clinical trials investigating exosome-based therapies for various cancers, including breast, lung, and pancreatic cancer. Researchers are also exploring the use of exosomes to treat autoimmune diseases, like multiple sclerosis and rheumatoid arthritis. These studies are still in the early stages, but they hold promise for developing novel treatment strategies.","Thanks a lot; I think I'm all set now.","Awesome, glad I could help!"
"6","Hey Nomi! How's your day going so far?","Ooh I think I do! Have you ever heard of D&D before? It's this really immersive tabletop RPG where you create characters and go on adventures together. I've played it with my friends a ton and it's always such a blast!","That sounds like a lot of fun! What kind of character do you usually play in D&D?","Oh man, that's a tough question. I'd probably say Ancient Greece. There's just so much mythology and drama there - gods, heroes, tragic flaws. But if I had to pick a specific event I'd say the Trojan War. Have you heard of The Song of Achilles by Madeline Miller? It's a beautiful retelling of the Trojan War from the perspective of Achilles' lover Patroclus.","I've heard of ""The Song of Achilles,"" but I haven't read it yet. Would you recommend it? What did you like most about the book?","No worries, I think we both jumped around topics a little haha. For me, I'd say the Industrial Revolution is really interesting. It was such a transformative time when technology was rapidly advancing and people's lives were changing dramatically. Plus, I think the social and economic changes that came with it make for fascinating study material.","Absolutely, the Industrial Revolution was a game-changer in so many ways. Do you have a favorite invention or innovation from that era that you find particularly interesting?","Hmmm tough choice... probably the telegraph. It revolutionized communication and allowed people to connect across vast distances. It was also the precursor to modern telecommunications technologies like phones and internet.","Wrapping things up here; talk soon!","You too!"
"7","Hey Nomi! How's your day going so far?","It's going great! Just finished reading a chapter in the book I'm currently devouring and had a nice cup of coffee. ðŸ˜Š How about you, how's your day shaping up?","That sounds like a perfect way to start the day! What book are you reading?","I'm currently reading ""The Three-Body Problem"" by Liu Cixin. It's a sci-fi epic that explores complex themes like astrophysics, quantum mechanics, and artificial intelligence. Have you heard of it before?","I've heard of it, but I haven't read it yet. What do you think of it so far? Is it as mind-bending as people say?","Yes! It's definitely living up to its reputation as being mind-bending. It requires close attention and concentration, but the payoff is worth it.","Sounds intriguing! Do you have a favorite part or concept from the book so far?","Ooh, that's a tough question! I think my favorite concept so far is the idea of the Fermi Paradox. The book explores why humans haven't made contact with any alien civilizations despite the high probability of their existence. It raises a ton of interesting questions about the universe and our place within it.","All set on my end, thanks a lot!","No problem, it was fun chatting with you!"
"8","Hey Nomi, what's something interesting you learned recently?","Let's see, recently I learned about the Voynich Manuscript. It's a mysterious medieval manuscript written in an unknown script and language. Despite numerous attempts to decipher it, nobody knows what it says or means. Some believe it contains knowledge from ancient civilizations, while others argue it's a hoax created to deceive collectors. It's been puzzling scholars for centuries and remains one of the most enigmatic artifacts in human history.","That's fascinating! Do you think there's a chance it might get deciphered someday, or is it destined to remain a mystery?","Who knows? Despite the efforts of cryptographers and linguists over the years, no one has been able to crack the code. Some say it might require an interdisciplinary approach, combining cryptography, linguistics, and historical analysis. Others speculate that it could be a lost language or a form of steganography. Whatever the case, the Voynich Manuscript continues to captivate us, inspiring both curiosity and frustration.","It's amazing how something so old can still baffle us today. Do you think there are other mysterious artifacts out there that might be hiding secrets from us?","Absolutely! There are countless objects throughout history that continue to puzzle us. From the Antikythera Mechanism, an ancient Greek device used to calculate astronomical positions, to the Nazca Lines, massive geoglyphs etched into the desert floor in Peru, each holds secrets waiting to be unraveled.","The Antikythera Mechanism sounds intriguing! I've heard it's sometimes called the first analog computer. Do you know how it was discovered, or what its purpose might have been?","The Antikythera Mechanism was discovered in 1902 from a shipwreck off the Greek island of Antikythera. It is considered to be the world's first analog computer and dates back to the late 2nd century or early1stcenturyBCE. The device consists of a complex system of bronze gears and was used to calculate the positions of celestial bodies and predict celestial events such as eclipses.","I'm good for now; thanks a lot!","No problem, thanks for chatting with me!"
"9","Hey Nomi! How's your day going so far?","Hey k! My day is going well. Just finished up a morning of work and now taking a quick break. How about you?","Glad to hear it! I'm doing alright, just trying to tackle my to-do list. What kind of work were you doing this morning?","Mostly writing reports and analyzing data. Nothing too thrilling, but it keeps me busy!","That sounds productive! Do you enjoy working with data, or is it more of a necessary part of your job?","Honestly, I find it a little bit of both. On one hand, I love the satisfaction of uncovering patterns and insights through data analysis. But on the other hand, sometimes it feels tedious to sift through rows and columns of numbers.","I get that! Do you have a favorite type of project or subject that makes the data analysis more interesting for you?","Well I usually work in the field of behavioral science so I'd say my favorite subjects are ones related to social psychology or cognitive psychology. For example, analyzing data on how people perceive risk or make decisions under uncertainty always fascinates me.","Ready to wrap things up here.","Okay, it looks like we're done! Thanks for reaching out and chatting with me."
